<?xml version="1.0" encoding="UTF-8"?>

<beans xmlns="http://www.springframework.org/schema/beans"
	xmlns:xsi="http://www.w3.org/2001/XMLSchema-instance"
	xmlns:context="http://www.springframework.org/schema/context"
	xmlns:mvc="http://www.springframework.org/schema/mvc"
	xsi:schemaLocation="
		http://www.springframework.org/schema/beans
    	http://www.springframework.org/schema/beans/spring-beans.xsd
    	http://www.springframework.org/schema/context
    	http://www.springframework.org/schema/context/spring-context.xsd
    	http://www.springframework.org/schema/mvc
        http://www.springframework.org/schema/mvc/spring-mvc.xsd">



	<context:component-scan
		base-package="com.gl.student" />


	<bean
		class="org.springframework.web.servlet.view.InternalResourceViewResolver"
		id="viewResolver">
		<property name="prefix" value="/WEB-INF/view/" />
		<property name="suffix" value=".jsp" />

	</bean>


	<!-- datasource configuration -->
	<bean
		class="org.springframework.jdbc.datasource.DriverManagerDataSource"
		id="dmds">

		<property name="driverClassName"
			value="com.mysql.cj.jdbc.Driver" />
		<property name="url"
			value="jdbc:mysql://localhost:3306/student" />
		<property name="username" value="root" />
		<property name="password" value="Abhayankit01" />
	</bean>


	<!-- session factory configuration -->

	<bean
		class="org.springframework.orm.hibernate5.LocalSessionFactoryBean"
		id="sFactory">

		<property name="dataSource" ref="dmds" />
		<property name="annotatedClasses">
			<list>
				<value>com.gl.student.entity.Student</value>
			</list>
		</property>

		<property name="hibernateProperties">
			<props>
				<prop key="hibernate.dialect">org.hibernate.dialect.MySQL8Dialect</prop>
				<prop key="hibernate.show_sql">true</prop>
				<prop key="hibernate.hbm2ddl.auto">update</prop>
			</props>

		</property>
	</bean>

	<!-- application managed txn manager -->
	<bean
		class="org.springframework.orm.hibernate5.HibernateTransactionManager"
		id="myTransactionManager">
		<property name="sessionFactory" ref="sFactory"></property>
	</bean>
</beans>